theater_id,theater_name,movie_id,title,release_date,duration,rating,star,poster,format,date,showtimes
3017,新宿ピカデリー,105109,映画ちいかわ　人魚の島のひみつ,7月24日公開,99分,G,3.8,https://media.eiga.com/images/movie/105109/photo/1070d756f3d9867f/320.jpg,通常,2026-08-03,"8:15,10:25,13:50,16:25,18:30,22:00"
3017,新宿ピカデリー,105109,映画ちいかわ　人魚の島のひみつ,7月24日公開,99分,G,3.8,https://media.eiga.com/images/movie/105109/photo/1070d756f3d9867f/320.jpg,通常,2026-08-04,"8:00,10:20,13:35,16:30,17:15,22:10"
3017,新宿ピカデリー,105109,映画ちいかわ　人魚の島のひみつ,7月24日公開,99分,G,3.8,https://media.eiga.com/images/movie/105109/photo/1070d756f3d9867f/320.jpg,通常,2026-08-05,"8:15,10:25,13:30,16:05,18:35,22:10"
3017,新宿ピカデリー,104266,キングダム　魂の決戦,7月17日公開,134分,G,3.9,https://media.eiga.com/images/movie/104266/photo/11f8ec888abed8ec/320.jpg,通常,2026-08-03,"8:30,10:50,13:50,15:30,18:55,21:35"
3017,新宿ピカデリー,104266,キングダム　魂の決戦,7月17日公開,134分,G,3.9,https://media.eiga.com/images/movie/104266/photo/11f8ec888abed8ec/320.jpg,通常,2026-08-04,"8:35,10:55,13:55,16:15,19:10,21:35"
3017,新宿ピカデリー,104266,キングダム　魂の決戦,7月17日公開,134分,G,3.9,https://media.eiga.com/images/movie/104266/photo/11f8ec888abed8ec/320.jpg,通常,2026-08-05,"8:10,10:40,13:35,15:40,21:30"
3017,新宿ピカデリー,102846,スパイダーマン　ブランド・ニュー・デイ,7月31日公開,145分,G,4.1,https://media.eiga.com/images/movie/102846/photo/5f292083f8b31442/320.jpg,字幕,2026-08-03,"8:00,10:35,13:40,15:35,18:45,20:50"
3017,新宿ピカデリー,102846,スパイダーマン　ブランド・ニュー・デイ,7月31日公開,145分,G,4.1,https://media.eiga.com/images/movie/102846/photo/5f292083f8b31442/320.jpg,字幕,2026-08-04,"8:00,11:05,14:10,15:20,18:30,20:55"
3017,新宿ピカデリー,102846,スパイダーマン　ブランド・ニュー・デイ,7月31日公開,145分,G,4.1,https://media.eiga.com/images/movie/102846/photo/5f292083f8b31442/320.jpg,字幕,2026-08-05,"8:05,10:35,13:40,15:35,18:50,21:15"
3017,新宿ピカデリー,102846,スパイダーマン　ブランド・ニュー・デイ,7月31日公開,145分,G,4.1,https://media.eiga.com/images/movie/102846/photo/5f292083f8b31442/320.jpg,吹替,2026-08-03,18:25
3017,新宿ピカデリー,102846,スパイダーマン　ブランド・ニュー・デイ,7月31日公開,145分,G,4.1,https://media.eiga.com/images/movie/102846/photo/5f292083f8b31442/320.jpg,吹替,2026-08-04,18:50
3017,新宿ピカデリー,102846,スパイダーマン　ブランド・ニュー・デイ,7月31日公開,145分,G,4.1,https://media.eiga.com/images/movie/102846/photo/5f292083f8b31442/320.jpg,吹替,2026-08-05,18:25
3017,新宿ピカデリー,102093,Michael マイケル,6月12日公開,127分,G,4.1,https://media.eiga.com/images/movie/102093/photo/fa35064a7248560b/320.jpg,字幕,2026-08-03,"11:05,12:45,21:30"
3017,新宿ピカデリー,102093,Michael マイケル,6月12日公開,127分,G,4.1,https://media.eiga.com/images/movie/102093/photo/fa35064a7248560b/320.jpg,字幕,2026-08-04,"8:15,13:30,18:40,21:45"
3017,新宿ピカデリー,102093,Michael マイケル,6月12日公開,127分,G,4.1,https://media.eiga.com/images/movie/102093/photo/fa35064a7248560b/320.jpg,字幕,2026-08-05,"8:00,12:50,18:25,21:35"
3017,新宿ピカデリー,104002,トイ・ストーリー5,7月3日公開,102分,G,3.9,https://media.eiga.com/images/movie/104002/photo/b5330044c94ef8b1/320.jpg,吹替,2026-08-03,"8:00,11:20,14:05,16:10,16:55,19:15"
3017,新宿ピカデリー,104002,トイ・ストーリー5,7月3日公開,102分,G,3.9,https://media.eiga.com/images/movie/104002/photo/b5330044c94ef8b1/320.jpg,吹替,2026-08-04,"8:50,11:15,14:10,16:50,18:35,22:05"
3017,新宿ピカデリー,104002,トイ・ストーリー5,7月3日公開,102分,G,3.9,https://media.eiga.com/images/movie/104002/photo/b5330044c94ef8b1/320.jpg,吹替,2026-08-05,"8:00,11:10,13:45,15:50,16:30,18:50"
3017,新宿ピカデリー,104003,モアナと伝説の海,7月31日公開,115分,G,3.6,https://media.eiga.com/images/movie/104003/photo/e8892705b1998bcc/320.jpg,字幕,2026-08-03,"8:15,11:25,12:50,16:45,19:25,21:50"
3017,新宿ピカデリー,104003,モアナと伝説の海,7月31日公開,115分,G,3.6,https://media.eiga.com/images/movie/104003/photo/e8892705b1998bcc/320.jpg,字幕,2026-08-04,"8:35,11:30,12:40,15:55,19:35,21:40"
3017,新宿ピカデリー,104003,モアナと伝説の海,7月31日公開,115分,G,3.6,https://media.eiga.com/images/movie/104003/photo/e8892705b1998bcc/320.jpg,字幕,2026-08-05,"8:15,11:05,12:50,16:45,19:30,21:55"
3017,新宿ピカデリー,105899,だぁれかさんとアソぼ？,7月24日公開,109分,G,2.8,https://media.eiga.com/images/movie/105899/photo/4fd6c98384904dc2/320.jpg,通常,2026-08-03,"8:20,13:55,16:40,21:55"
3017,新宿ピカデリー,105899,だぁれかさんとアソぼ？,7月24日公開,109分,G,2.8,https://media.eiga.com/images/movie/105899/photo/4fd6c98384904dc2/320.jpg,通常,2026-08-04,"8:30,13:40,16:05,21:55"
3017,新宿ピカデリー,105899,だぁれかさんとアソぼ？,7月24日公開,109分,G,2.8,https://media.eiga.com/images/movie/105899/photo/4fd6c98384904dc2/320.jpg,通常,2026-08-05,"8:15,13:25,15:55,21:45"
3017,新宿ピカデリー,105462,君と花火と約束と,7月17日公開,96分,G,3.4,https://media.eiga.com/images/movie/105462/photo/09d627ee2b35ad2f/320.jpg,通常,2026-08-03,"8:10,14:00,21:50"
3017,新宿ピカデリー,105462,君と花火と約束と,7月17日公開,96分,G,3.4,https://media.eiga.com/images/movie/105462/photo/09d627ee2b35ad2f/320.jpg,通常,2026-08-04,"8:20,14:15,21:55"
3017,新宿ピカデリー,105462,君と花火と約束と,7月17日公開,96分,G,3.4,https://media.eiga.com/images/movie/105462/photo/09d627ee2b35ad2f/320.jpg,通常,2026-08-05,"8:00,14:10,22:00"
3017,新宿ピカデリー,105228,映画クレヨンしんちゃん　奇々怪々！オラの妖怪バケ～ション,7月31日公開,101分,G,3.8,https://media.eiga.com/images/movie/105228/photo/306c5c5a451c48b9/320.jpg,通常,2026-08-03,"10:20,12:40,15:00,17:20,19:40"
3017,新宿ピカデリー,105228,映画クレヨンしんちゃん　奇々怪々！オラの妖怪バケ～ション,7月31日公開,101分,G,3.8,https://media.eiga.com/images/movie/105228/photo/306c5c5a451c48b9/320.jpg,通常,2026-08-04,"10:35,12:55,15:15,17:35,19:55"
3017,新宿ピカデリー,105228,映画クレヨンしんちゃん　奇々怪々！オラの妖怪バケ～ション,7月31日公開,101分,G,3.8,https://media.eiga.com/images/movie/105228/photo/306c5c5a451c48b9/320.jpg,通常,2026-08-05,"10:15,12:35,14:55,17:15,19:35"
3017,新宿ピカデリー,105111,口に関するアンケート,7月3日公開,89分,G,2.9,https://media.eiga.com/images/movie/105111/photo/584e2b6c97b95df1/320.jpg,通常,2026-08-03,16:40
3017,新宿ピカデリー,105111,口に関するアンケート,7月3日公開,89分,G,2.9,https://media.eiga.com/images/movie/105111/photo/584e2b6c97b95df1/320.jpg,通常,2026-08-04,"17:20,21:25"
3017,新宿ピカデリー,105111,口に関するアンケート,7月3日公開,89分,G,2.9,https://media.eiga.com/images/movie/105111/photo/584e2b6c97b95df1/320.jpg,通常,2026-08-05,"17:00,21:15"
3017,新宿ピカデリー,105427,黒牢城,6月19日公開,147分,G,3.3,https://media.eiga.com/images/movie/105427/photo/f2864efb8c87d47a/320.jpg,通常,2026-08-03,10:55
3017,新宿ピカデリー,105427,黒牢城,6月19日公開,147分,G,3.3,https://media.eiga.com/images/movie/105427/photo/f2864efb8c87d47a/320.jpg,通常,2026-08-04,11:10
3017,新宿ピカデリー,105427,黒牢城,6月19日公開,147分,G,3.3,https://media.eiga.com/images/movie/105427/photo/f2864efb8c87d47a/320.jpg,通常,2026-08-05,11:00
3017,新宿ピカデリー,105427,黒牢城,6月19日公開,147分,G,3.3,https://media.eiga.com/images/movie/105427/photo/f2864efb8c87d47a/320.jpg,外国語字幕,2026-08-03,18:35
3017,新宿ピカデリー,105427,黒牢城,6月19日公開,147分,G,3.3,https://media.eiga.com/images/movie/105427/photo/f2864efb8c87d47a/320.jpg,外国語字幕,2026-08-04,18:50
3017,新宿ピカデリー,105427,黒牢城,6月19日公開,147分,G,3.3,https://media.eiga.com/images/movie/105427/photo/f2864efb8c87d47a/320.jpg,外国語字幕,2026-08-05,18:55
3017,新宿ピカデリー,105057,パウ・パトロール　ザ・ダイノ・ムービー,7月24日公開,89分,G,4.7,https://media.eiga.com/images/movie/105057/photo/60bf361d9d35146e/320.jpg,吹替,2026-08-03,"8:10,10:10,12:15"
3017,新宿ピカデリー,105057,パウ・パトロール　ザ・ダイノ・ムービー,7月24日公開,89分,G,4.7,https://media.eiga.com/images/movie/105057/photo/60bf361d9d35146e/320.jpg,吹替,2026-08-04,"8:40,10:45,12:50"
3017,新宿ピカデリー,105057,パウ・パトロール　ザ・ダイノ・ムービー,7月24日公開,89分,G,4.7,https://media.eiga.com/images/movie/105057/photo/60bf361d9d35146e/320.jpg,吹替,2026-08-05,"8:25,10:30,12:35"
3017,新宿ピカデリー,105873,デッドマンズ・ワイヤー,7月17日公開,105分,G,3.5,https://media.eiga.com/images/movie/105873/photo/bc7d7991005bf89c/320.jpg,字幕,2026-08-03,"14:20,21:40"
3017,新宿ピカデリー,105873,デッドマンズ・ワイヤー,7月17日公開,105分,G,3.5,https://media.eiga.com/images/movie/105873/photo/bc7d7991005bf89c/320.jpg,字幕,2026-08-04,"14:55,19:15"
3017,新宿ピカデリー,105873,デッドマンズ・ワイヤー,7月17日公開,105分,G,3.5,https://media.eiga.com/images/movie/105873/photo/bc7d7991005bf89c/320.jpg,字幕,2026-08-05,"14:40,20:55"
3017,新宿ピカデリー,103729,シラート,6月5日公開,115分,PG12,3.5,https://media.eiga.com/images/movie/103729/photo/14e8894a728d3d67/320.jpg,字幕,2026-08-03,8:50
3017,新宿ピカデリー,103729,シラート,6月5日公開,115分,PG12,3.5,https://media.eiga.com/images/movie/103729/photo/14e8894a728d3d67/320.jpg,字幕,2026-08-04,11:10
3017,新宿ピカデリー,103729,シラート,6月5日公開,115分,PG12,3.5,https://media.eiga.com/images/movie/103729/photo/14e8894a728d3d67/320.jpg,字幕,2026-08-05,10:50
3017,新宿ピカデリー,104925,大統領のケーキ,7月10日公開,105分,PG12,3.7,https://media.eiga.com/images/movie/104925/photo/64c4e6489d3be77c/320.jpg,字幕,2026-08-03,16:15
3017,新宿ピカデリー,104925,大統領のケーキ,7月10日公開,105分,PG12,3.7,https://media.eiga.com/images/movie/104925/photo/64c4e6489d3be77c/320.jpg,字幕,2026-08-04,16:30
3017,新宿ピカデリー,104925,大統領のケーキ,7月10日公開,105分,PG12,3.7,https://media.eiga.com/images/movie/104925/photo/64c4e6489d3be77c/320.jpg,字幕,2026-08-05,16:30
3017,新宿ピカデリー,104044,ブリング・ハー・バック,7月10日公開,104分,R15+,3.5,https://media.eiga.com/images/movie/104044/photo/d847b13976207cf9/320.jpg,字幕,2026-08-03,19:05
3017,新宿ピカデリー,104044,ブリング・ハー・バック,7月10日公開,104分,R15+,3.5,https://media.eiga.com/images/movie/104044/photo/d847b13976207cf9/320.jpg,字幕,2026-08-04,19:25
3017,新宿ピカデリー,104044,ブリング・ハー・バック,7月10日公開,104分,R15+,3.5,https://media.eiga.com/images/movie/104044/photo/d847b13976207cf9/320.jpg,字幕,2026-08-05,19:05
3017,新宿ピカデリー,103730,ヌーヴェルヴァーグ,7月10日公開,106分,G,3.7,https://media.eiga.com/images/movie/103730/photo/00213a528e8bd892/320.jpg,字幕,2026-08-03,22:00
3017,新宿ピカデリー,103730,ヌーヴェルヴァーグ,7月10日公開,106分,G,3.7,https://media.eiga.com/images/movie/103730/photo/00213a528e8bd892/320.jpg,字幕,2026-08-04,22:10
3017,新宿ピカデリー,103730,ヌーヴェルヴァーグ,7月10日公開,106分,G,3.7,https://media.eiga.com/images/movie/103730/photo/00213a528e8bd892/320.jpg,字幕,2026-08-05,21:50
3017,新宿ピカデリー,105207,ドゥランダル作戦,7月10日公開,206分,R15+,3.7,https://media.eiga.com/images/movie/105207/photo/091dcb073ac1c1d8/320.jpg,字幕,2026-08-03,8:30
3017,新宿ピカデリー,105207,ドゥランダル作戦,7月10日公開,206分,R15+,3.7,https://media.eiga.com/images/movie/105207/photo/091dcb073ac1c1d8/320.jpg,字幕,2026-08-04,9:10
3017,新宿ピカデリー,105207,ドゥランダル作戦,7月10日公開,206分,R15+,3.7,https://media.eiga.com/images/movie/105207/photo/091dcb073ac1c1d8/320.jpg,字幕,2026-08-05,8:30
3022,テアトル新宿,105306,開戦前夜,7月31日公開,138分,G,3.8,https://media.eiga.com/images/movie/105306/photo/7cb4773658f94b4e/320.jpg,通常,2026-08-03,"10:00,12:45,15:30,18:15"
3022,テアトル新宿,105306,開戦前夜,7月31日公開,138分,G,3.8,https://media.eiga.com/images/movie/105306/photo/7cb4773658f94b4e/320.jpg,通常,2026-08-04,"10:00,12:45,15:30,18:15"
3022,テアトル新宿,105306,開戦前夜,7月31日公開,138分,G,3.8,https://media.eiga.com/images/movie/105306/photo/7cb4773658f94b4e/320.jpg,通常,2026-08-05,"10:00,12:45,15:30,18:15"
3022,テアトル新宿,105306,開戦前夜,7月31日公開,138分,G,3.8,https://media.eiga.com/images/movie/105306/photo/7cb4773658f94b4e/320.jpg,通常,2026-08-06,"10:00,12:45,15:30,18:15"
3022,テアトル新宿,105408,チルド,7月17日公開,88分,R15+,3.6,https://media.eiga.com/images/movie/105408/photo/b150bfdde74fb967/320.jpg,通常,2026-08-04,21:00
3022,テアトル新宿,105408,チルド,7月17日公開,88分,R15+,3.6,https://media.eiga.com/images/movie/105408/photo/b150bfdde74fb967/320.jpg,通常,2026-08-06,21:00
3022,テアトル新宿,105893,トロフィー,7月10日公開,103分,,3.8,https://media.eiga.com/images/movie/105893/photo/3f2b39e7517c990c/320.jpg,通常,2026-08-03,21:00
3022,テアトル新宿,105893,トロフィー,7月10日公開,103分,,3.8,https://media.eiga.com/images/movie/105893/photo/3f2b39e7517c990c/320.jpg,通常,2026-08-05,21:00
3020,シネマート新宿,106065,怪速急行■■行き,7月31日公開,95分,G,3.0,https://media.eiga.com/images/movie/106065/photo/4baf9ac2d1a54389/320.jpg,字幕,2026-08-03,"10:00,12:00,18:30"
3020,シネマート新宿,106065,怪速急行■■行き,7月31日公開,95分,G,3.0,https://media.eiga.com/images/movie/106065/photo/4baf9ac2d1a54389/320.jpg,字幕,2026-08-04,"10:00,12:00,18:30"
3020,シネマート新宿,106065,怪速急行■■行き,7月31日公開,95分,G,3.0,https://media.eiga.com/images/movie/106065/photo/4baf9ac2d1a54389/320.jpg,字幕,2026-08-05,"10:00,12:00,18:30"
3020,シネマート新宿,106065,怪速急行■■行き,7月31日公開,95分,G,3.0,https://media.eiga.com/images/movie/106065/photo/4baf9ac2d1a54389/320.jpg,字幕,2026-08-06,"10:00,12:00,16:30"
3020,シネマート新宿,104818,GOOD BOY グッドボーイ,7月10日公開,73分,G,2.9,https://media.eiga.com/images/movie/104818/photo/0df93f1ba1931ff4/320.jpg,字幕,2026-08-03,16:35
3020,シネマート新宿,104818,GOOD BOY グッドボーイ,7月10日公開,73分,G,2.9,https://media.eiga.com/images/movie/104818/photo/0df93f1ba1931ff4/320.jpg,字幕,2026-08-04,16:35
3020,シネマート新宿,104818,GOOD BOY グッドボーイ,7月10日公開,73分,G,2.9,https://media.eiga.com/images/movie/104818/photo/0df93f1ba1931ff4/320.jpg,字幕,2026-08-05,16:35
3020,シネマート新宿,104818,GOOD BOY グッドボーイ,7月10日公開,73分,G,2.9,https://media.eiga.com/images/movie/104818/photo/0df93f1ba1931ff4/320.jpg,字幕,2026-08-06,20:30
3020,シネマート新宿,53383,ぐるりのこと。,7月24日公開,140分,,3.9,https://media.eiga.com/images/movie/53383/photo/99b1ed753cd298a9/320.jpg,通常,2026-08-03,20:35
3020,シネマート新宿,53383,ぐるりのこと。,7月24日公開,140分,,3.9,https://media.eiga.com/images/movie/53383/photo/99b1ed753cd298a9/320.jpg,通常,2026-08-04,15:55
3020,シネマート新宿,53383,ぐるりのこと。,7月24日公開,140分,,3.9,https://media.eiga.com/images/movie/53383/photo/99b1ed753cd298a9/320.jpg,通常,2026-08-05,20:35
3020,シネマート新宿,53383,ぐるりのこと。,7月24日公開,140分,,3.9,https://media.eiga.com/images/movie/53383/photo/99b1ed753cd298a9/320.jpg,通常,2026-08-06,15:55
3020,シネマート新宿,85779,海辺の一日,7月10日公開,167分,G,3.6,https://media.eiga.com/images/movie/85779/photo/47834e8b1c36034a/320.jpg,字幕,2026-08-03,11:25
3020,シネマート新宿,85779,海辺の一日,7月10日公開,167分,G,3.6,https://media.eiga.com/images/movie/85779/photo/47834e8b1c36034a/320.jpg,字幕,2026-08-04,11:25
3020,シネマート新宿,85779,海辺の一日,7月10日公開,167分,G,3.6,https://media.eiga.com/images/movie/85779/photo/47834e8b1c36034a/320.jpg,字幕,2026-08-05,11:25
3020,シネマート新宿,85779,海辺の一日,7月10日公開,167分,G,3.6,https://media.eiga.com/images/movie/85779/photo/47834e8b1c36034a/320.jpg,字幕,2026-08-06,11:25
3020,シネマート新宿,106107,ストレンジ・ハーベスト　インランド・エンパイアの怪事件,7月17日公開,93分,PG12,3.2,https://media.eiga.com/images/movie/106107/photo/089ad610cdb4b0fa/320.jpg,字幕,2026-08-03,"9:30,14:35"
3020,シネマート新宿,106107,ストレンジ・ハーベスト　インランド・エンパイアの怪事件,7月17日公開,93分,PG12,3.2,https://media.eiga.com/images/movie/106107/photo/089ad610cdb4b0fa/320.jpg,字幕,2026-08-04,"9:30,14:35"
3020,シネマート新宿,106107,ストレンジ・ハーベスト　インランド・エンパイアの怪事件,7月17日公開,93分,PG12,3.2,https://media.eiga.com/images/movie/106107/photo/089ad610cdb4b0fa/320.jpg,字幕,2026-08-05,"9:30,14:35"
3020,シネマート新宿,106107,ストレンジ・ハーベスト　インランド・エンパイアの怪事件,7月17日公開,93分,PG12,3.2,https://media.eiga.com/images/movie/106107/photo/089ad610cdb4b0fa/320.jpg,字幕,2026-08-06,"9:30,14:35"
3020,シネマート新宿,40525,ハッシュ！,7月24日公開,135分,,3.7,https://media.eiga.com/images/movie/40525/photo/236105f1c7ead39c/320.jpg,通常,2026-08-03,15:55
3020,シネマート新宿,40525,ハッシュ！,7月24日公開,135分,,3.7,https://media.eiga.com/images/movie/40525/photo/236105f1c7ead39c/320.jpg,通常,2026-08-04,20:35
3020,シネマート新宿,40525,ハッシュ！,7月24日公開,135分,,3.7,https://media.eiga.com/images/movie/40525/photo/236105f1c7ead39c/320.jpg,通常,2026-08-05,15:55
3020,シネマート新宿,40525,ハッシュ！,7月24日公開,135分,,3.7,https://media.eiga.com/images/movie/40525/photo/236105f1c7ead39c/320.jpg,通常,2026-08-06,18:45
3020,シネマート新宿,106237,エレファント6レコーディング・カンパニー,7月31日公開,93分,G,4.0,https://media.eiga.com/images/movie/106237/photo/fc19bca7bba4aeed/320.jpg,通常,2026-08-03,"14:00,18:40"
3020,シネマート新宿,106237,エレファント6レコーディング・カンパニー,7月31日公開,93分,G,4.0,https://media.eiga.com/images/movie/106237/photo/fc19bca7bba4aeed/320.jpg,通常,2026-08-04,"14:00,18:40"
3020,シネマート新宿,106237,エレファント6レコーディング・カンパニー,7月31日公開,93分,G,4.0,https://media.eiga.com/images/movie/106237/photo/fc19bca7bba4aeed/320.jpg,通常,2026-08-05,"14:00,18:40"
3020,シネマート新宿,106237,エレファント6レコーディング・カンパニー,7月31日公開,93分,G,4.0,https://media.eiga.com/images/movie/106237/photo/fc19bca7bba4aeed/320.jpg,通常,2026-08-06,"14:00,18:30"
3322,kino cinema新宿,102093,Michael マイケル,6月12日公開,127分,G,4.1,https://media.eiga.com/images/movie/102093/photo/fa35064a7248560b/320.jpg,字幕,2026-08-04,8:15
3322,kino cinema新宿,102093,Michael マイケル,6月12日公開,127分,G,4.1,https://media.eiga.com/images/movie/102093/photo/fa35064a7248560b/320.jpg,字幕,2026-08-05,8:15
3322,kino cinema新宿,102093,Michael マイケル,6月12日公開,127分,G,4.1,https://media.eiga.com/images/movie/102093/photo/fa35064a7248560b/320.jpg,字幕,2026-08-06,8:15
3322,kino cinema新宿,106213,オブセッション　災愛,7月17日公開,108分,R15+,3.8,https://media.eiga.com/images/movie/106213/photo/63d7f6b1bf6d4413/320.jpg,字幕,2026-08-03,18:30
3322,kino cinema新宿,106213,オブセッション　災愛,7月17日公開,108分,R15+,3.8,https://media.eiga.com/images/movie/106213/photo/63d7f6b1bf6d4413/320.jpg,字幕,2026-08-04,18:30
3322,kino cinema新宿,106213,オブセッション　災愛,7月17日公開,108分,R15+,3.8,https://media.eiga.com/images/movie/106213/photo/63d7f6b1bf6d4413/320.jpg,字幕,2026-08-05,18:30
3322,kino cinema新宿,106213,オブセッション　災愛,7月17日公開,108分,R15+,3.8,https://media.eiga.com/images/movie/106213/photo/63d7f6b1bf6d4413/320.jpg,字幕,2026-08-06,20:50
3322,kino cinema新宿,103908,急に具合が悪くなる,6月19日公開,196分,G,4.1,https://media.eiga.com/images/movie/103908/photo/e92b9e842872b15e/320.jpg,字幕,2026-08-03,19:25
3322,kino cinema新宿,103908,急に具合が悪くなる,6月19日公開,196分,G,4.1,https://media.eiga.com/images/movie/103908/photo/e92b9e842872b15e/320.jpg,字幕,2026-08-04,19:25
3322,kino cinema新宿,103908,急に具合が悪くなる,6月19日公開,196分,G,4.1,https://media.eiga.com/images/movie/103908/photo/e92b9e842872b15e/320.jpg,字幕,2026-08-05,19:25
3322,kino cinema新宿,103908,急に具合が悪くなる,6月19日公開,196分,G,4.1,https://media.eiga.com/images/movie/103908/photo/e92b9e842872b15e/320.jpg,字幕,2026-08-06,19:05
3322,kino cinema新宿,105907,隣人たち,7月24日公開,94分,G,3.4,https://media.eiga.com/images/movie/105907/photo/4cc92ddb54e0d07b/320.jpg,字幕,2026-08-03,"10:40,16:35"
3322,kino cinema新宿,105907,隣人たち,7月24日公開,94分,G,3.4,https://media.eiga.com/images/movie/105907/photo/4cc92ddb54e0d07b/320.jpg,字幕,2026-08-04,"10:40,16:35"
3322,kino cinema新宿,105907,隣人たち,7月24日公開,94分,G,3.4,https://media.eiga.com/images/movie/105907/photo/4cc92ddb54e0d07b/320.jpg,字幕,2026-08-05,"10:40,16:35"
3322,kino cinema新宿,105907,隣人たち,7月24日公開,94分,G,3.4,https://media.eiga.com/images/movie/105907/photo/4cc92ddb54e0d07b/320.jpg,字幕,2026-08-06,"10:40,17:00"
3322,kino cinema新宿,104699,箱の中の羊,5月29日公開,125分,G,3.3,https://media.eiga.com/images/movie/104699/photo/226a369709e19250/320.jpg,通常,2026-08-03,20:40
3322,kino cinema新宿,104699,箱の中の羊,5月29日公開,125分,G,3.3,https://media.eiga.com/images/movie/104699/photo/226a369709e19250/320.jpg,通常,2026-08-04,20:40
3322,kino cinema新宿,104699,箱の中の羊,5月29日公開,125分,G,3.3,https://media.eiga.com/images/movie/104699/photo/226a369709e19250/320.jpg,通常,2026-08-05,20:40
3322,kino cinema新宿,104699,箱の中の羊,5月29日公開,125分,G,3.3,https://media.eiga.com/images/movie/104699/photo/226a369709e19250/320.jpg,通常,2026-08-06,12:35
3322,kino cinema新宿,105673,ラブ≠コメディ,7月3日公開,119分,G,4.3,https://media.eiga.com/images/movie/105673/photo/c4b7de29a6fa3335/320.jpg,通常,2026-08-03,15:00
3322,kino cinema新宿,105673,ラブ≠コメディ,7月3日公開,119分,G,4.3,https://media.eiga.com/images/movie/105673/photo/c4b7de29a6fa3335/320.jpg,通常,2026-08-04,15:00
3322,kino cinema新宿,105673,ラブ≠コメディ,7月3日公開,119分,G,4.3,https://media.eiga.com/images/movie/105673/photo/c4b7de29a6fa3335/320.jpg,通常,2026-08-05,15:00
3322,kino cinema新宿,105673,ラブ≠コメディ,7月3日公開,119分,G,4.3,https://media.eiga.com/images/movie/105673/photo/c4b7de29a6fa3335/320.jpg,通常,2026-08-06,14:40
3322,kino cinema新宿,105767,インビジブルハーフ,7月31日公開,106分,PG12,2.6,https://media.eiga.com/images/movie/105767/photo/61df383bc83afd0e/320.jpg,通常,2026-08-03,"12:35,17:20"
3322,kino cinema新宿,105767,インビジブルハーフ,7月31日公開,106分,PG12,2.6,https://media.eiga.com/images/movie/105767/photo/61df383bc83afd0e/320.jpg,通常,2026-08-04,"12:35,17:20"
3322,kino cinema新宿,105767,インビジブルハーフ,7月31日公開,106分,PG12,2.6,https://media.eiga.com/images/movie/105767/photo/61df383bc83afd0e/320.jpg,通常,2026-08-05,"12:35,17:20"
3322,kino cinema新宿,105767,インビジブルハーフ,7月31日公開,106分,PG12,2.6,https://media.eiga.com/images/movie/105767/photo/61df383bc83afd0e/320.jpg,通常,2026-08-06,"12:35,17:00"
3322,kino cinema新宿,105767,インビジブルハーフ,7月31日公開,106分,PG12,2.6,https://media.eiga.com/images/movie/105767/photo/61df383bc83afd0e/320.jpg,通常,2026-08-08,14:40
3322,kino cinema新宿,105767,インビジブルハーフ,7月31日公開,106分,PG12,2.6,https://media.eiga.com/images/movie/105767/photo/61df383bc83afd0e/320.jpg,通常,2026-08-09,10:10
3322,kino cinema新宿,105459,それいけ！アンパンマン　パンタンと約束の星,6月26日公開,62分,G,4.1,https://media.eiga.com/images/movie/105459/photo/868080a8e1e70e54/320.jpg,通常,2026-08-03,12:35
3322,kino cinema新宿,105459,それいけ！アンパンマン　パンタンと約束の星,6月26日公開,62分,G,4.1,https://media.eiga.com/images/movie/105459/photo/868080a8e1e70e54/320.jpg,通常,2026-08-04,"8:15,12:35"
3322,kino cinema新宿,105459,それいけ！アンパンマン　パンタンと約束の星,6月26日公開,62分,G,4.1,https://media.eiga.com/images/movie/105459/photo/868080a8e1e70e54/320.jpg,通常,2026-08-05,"8:15,12:35"
3322,kino cinema新宿,105459,それいけ！アンパンマン　パンタンと約束の星,6月26日公開,62分,G,4.1,https://media.eiga.com/images/movie/105459/photo/868080a8e1e70e54/320.jpg,通常,2026-08-06,8:15
3322,kino cinema新宿,104298,四十九 SEEK,7月31日公開,93分,G,2.9,https://media.eiga.com/images/movie/104298/photo/55118058d30bef5d/320.jpg,通常,2026-08-03,"10:40,14:40"
3322,kino cinema新宿,104298,四十九 SEEK,7月31日公開,93分,G,2.9,https://media.eiga.com/images/movie/104298/photo/55118058d30bef5d/320.jpg,通常,2026-08-04,"10:40,14:40"
3322,kino cinema新宿,104298,四十九 SEEK,7月31日公開,93分,G,2.9,https://media.eiga.com/images/movie/104298/photo/55118058d30bef5d/320.jpg,通常,2026-08-05,"10:40,14:40"
3322,kino cinema新宿,104298,四十九 SEEK,7月31日公開,93分,G,2.9,https://media.eiga.com/images/movie/104298/photo/55118058d30bef5d/320.jpg,通常,2026-08-06,"10:40,15:05"
3322,kino cinema新宿,106109,Return to My Blue,7月24日公開,39分,G,－,https://media.eiga.com/images/movie/106109/photo/035e6046d457840b/320.jpg,通常,2026-08-03,"9:35,14:00"
3322,kino cinema新宿,106109,Return to My Blue,7月24日公開,39分,G,－,https://media.eiga.com/images/movie/106109/photo/035e6046d457840b/320.jpg,通常,2026-08-04,"9:35,14:00"
3322,kino cinema新宿,106109,Return to My Blue,7月24日公開,39分,G,－,https://media.eiga.com/images/movie/106109/photo/035e6046d457840b/320.jpg,通常,2026-08-05,"9:35,14:00"
3322,kino cinema新宿,106109,Return to My Blue,7月24日公開,39分,G,－,https://media.eiga.com/images/movie/106109/photo/035e6046d457840b/320.jpg,通常,2026-08-06,9:35
3322,kino cinema新宿,102200,ゼンブ・オブ・トーキョー,2024年10月25日公開,87分,G,3.7,https://media.eiga.com/images/movie/102200/photo/8ad0ae70745636e2/320.jpg,通常,2026-08-06,19:00
3322,kino cinema新宿,105305,Perfume“コールドスリープ” 25 years Document,5月15日公開,117分,G,4.3,https://media.eiga.com/images/movie/105305/photo/c88255979a215fa9/320.jpg,通常,2026-08-08,12:40
3026,新宿武蔵野館,105612,プライベート・ケース,7月24日公開,107分,PG12,3.2,https://media.eiga.com/images/movie/105612/photo/4058fe7fed84cd65/320.jpg,字幕,2026-08-03,"10:30,12:15,16:25"
3026,新宿武蔵野館,105612,プライベート・ケース,7月24日公開,107分,PG12,3.2,https://media.eiga.com/images/movie/105612/photo/4058fe7fed84cd65/320.jpg,字幕,2026-08-04,"10:30,12:15,16:25"
3026,新宿武蔵野館,105612,プライベート・ケース,7月24日公開,107分,PG12,3.2,https://media.eiga.com/images/movie/105612/photo/4058fe7fed84cd65/320.jpg,字幕,2026-08-05,"10:30,12:15,16:25"
3026,新宿武蔵野館,105612,プライベート・ケース,7月24日公開,107分,PG12,3.2,https://media.eiga.com/images/movie/105612/photo/4058fe7fed84cd65/320.jpg,字幕,2026-08-06,"10:30,12:15,16:25"
3026,新宿武蔵野館,106108,ヒトラーの毒見役,7月31日公開,123分,PG12,3.0,https://media.eiga.com/images/movie/106108/photo/3134fc2bb288cff3/320.jpg,字幕,2026-08-03,"9:45,12:50,14:30,19:25"
3026,新宿武蔵野館,106108,ヒトラーの毒見役,7月31日公開,123分,PG12,3.0,https://media.eiga.com/images/movie/106108/photo/3134fc2bb288cff3/320.jpg,字幕,2026-08-04,"9:45,12:50,14:30,19:25"
3026,新宿武蔵野館,106108,ヒトラーの毒見役,7月31日公開,123分,PG12,3.0,https://media.eiga.com/images/movie/106108/photo/3134fc2bb288cff3/320.jpg,字幕,2026-08-05,"9:45,12:50,14:30,19:25"
3026,新宿武蔵野館,106108,ヒトラーの毒見役,7月31日公開,123分,PG12,3.0,https://media.eiga.com/images/movie/106108/photo/3134fc2bb288cff3/320.jpg,字幕,2026-08-06,"9:45,12:50,14:30,19:25"
3026,新宿武蔵野館,105861,夢物語 The Living Dragon,7月17日公開,78分,G,4.2,https://media.eiga.com/images/movie/105861/photo/489a6638d5501b9d/320.jpg,通常,2026-08-03,10:00
3026,新宿武蔵野館,105861,夢物語 The Living Dragon,7月17日公開,78分,G,4.2,https://media.eiga.com/images/movie/105861/photo/489a6638d5501b9d/320.jpg,通常,2026-08-04,10:00
3026,新宿武蔵野館,105861,夢物語 The Living Dragon,7月17日公開,78分,G,4.2,https://media.eiga.com/images/movie/105861/photo/489a6638d5501b9d/320.jpg,通常,2026-08-05,10:00
3026,新宿武蔵野館,105861,夢物語 The Living Dragon,7月17日公開,78分,G,4.2,https://media.eiga.com/images/movie/105861/photo/489a6638d5501b9d/320.jpg,通常,2026-08-06,10:00
3026,新宿武蔵野館,105617,新凱旋門物語,7月17日公開,106分,G,3.4,https://media.eiga.com/images/movie/105617/photo/8ec831265b451b09/320.jpg,字幕,2026-08-03,"15:20,18:40"
3026,新宿武蔵野館,105617,新凱旋門物語,7月17日公開,106分,G,3.4,https://media.eiga.com/images/movie/105617/photo/8ec831265b451b09/320.jpg,字幕,2026-08-04,"15:20,18:40"
3026,新宿武蔵野館,105617,新凱旋門物語,7月17日公開,106分,G,3.4,https://media.eiga.com/images/movie/105617/photo/8ec831265b451b09/320.jpg,字幕,2026-08-05,"15:20,18:40"
3026,新宿武蔵野館,105617,新凱旋門物語,7月17日公開,106分,G,3.4,https://media.eiga.com/images/movie/105617/photo/8ec831265b451b09/320.jpg,字幕,2026-08-06,"15:20,18:40"
3026,新宿武蔵野館,106220,PEACOCK ピーコック,7月24日公開,102分,G,3.3,https://media.eiga.com/images/movie/106220/photo/8f5f698679eae80d/320.jpg,字幕,2026-08-03,"12:00,19:40"
3026,新宿武蔵野館,106220,PEACOCK ピーコック,7月24日公開,102分,G,3.3,https://media.eiga.com/images/movie/106220/photo/8f5f698679eae80d/320.jpg,字幕,2026-08-04,"12:00,19:40"
3026,新宿武蔵野館,106220,PEACOCK ピーコック,7月24日公開,102分,G,3.3,https://media.eiga.com/images/movie/106220/photo/8f5f698679eae80d/320.jpg,字幕,2026-08-05,"12:00,19:40"
3026,新宿武蔵野館,106220,PEACOCK ピーコック,7月24日公開,102分,G,3.3,https://media.eiga.com/images/movie/106220/photo/8f5f698679eae80d/320.jpg,字幕,2026-08-06,"12:00,19:40"
3026,新宿武蔵野館,105993,ユースフル・ゴースト,7月10日公開,130分,R15+,3.2,https://media.eiga.com/images/movie/105993/photo/1a8053e775516172/320.jpg,字幕,2026-08-03,17:00
3026,新宿武蔵野館,105993,ユースフル・ゴースト,7月10日公開,130分,R15+,3.2,https://media.eiga.com/images/movie/105993/photo/1a8053e775516172/320.jpg,字幕,2026-08-04,17:00
3026,新宿武蔵野館,105993,ユースフル・ゴースト,7月10日公開,130分,R15+,3.2,https://media.eiga.com/images/movie/105993/photo/1a8053e775516172/320.jpg,字幕,2026-08-05,17:00
3026,新宿武蔵野館,105993,ユースフル・ゴースト,7月10日公開,130分,R15+,3.2,https://media.eiga.com/images/movie/105993/photo/1a8053e775516172/320.jpg,字幕,2026-08-06,17:00
3026,新宿武蔵野館,106196,カウント・ベイシー,7月3日公開,75分,G,3.6,https://media.eiga.com/images/movie/106196/photo/5de8b18a05b2da3a/320.jpg,字幕,2026-08-03,17:35
3026,新宿武蔵野館,106196,カウント・ベイシー,7月3日公開,75分,G,3.6,https://media.eiga.com/images/movie/106196/photo/5de8b18a05b2da3a/320.jpg,字幕,2026-08-04,17:35
3026,新宿武蔵野館,106196,カウント・ベイシー,7月3日公開,75分,G,3.6,https://media.eiga.com/images/movie/106196/photo/5de8b18a05b2da3a/320.jpg,字幕,2026-08-05,17:35
3026,新宿武蔵野館,106196,カウント・ベイシー,7月3日公開,75分,G,3.6,https://media.eiga.com/images/movie/106196/photo/5de8b18a05b2da3a/320.jpg,字幕,2026-08-06,17:35
3026,新宿武蔵野館,105696,死神バーバー,6月26日公開,102分,G,3.7,https://media.eiga.com/images/movie/105696/photo/899b2367b3c42d64/320.jpg,通常,2026-08-03,14:15
3026,新宿武蔵野館,105696,死神バーバー,6月26日公開,102分,G,3.7,https://media.eiga.com/images/movie/105696/photo/899b2367b3c42d64/320.jpg,通常,2026-08-04,14:15
3026,新宿武蔵野館,105696,死神バーバー,6月26日公開,102分,G,3.7,https://media.eiga.com/images/movie/105696/photo/899b2367b3c42d64/320.jpg,通常,2026-08-05,14:15
3026,新宿武蔵野館,105696,死神バーバー,6月26日公開,102分,G,3.7,https://media.eiga.com/images/movie/105696/photo/899b2367b3c42d64/320.jpg,通常,2026-08-06,14:15
3018,K's cinema,104669,レンタル家族,7月31日公開,89分,G,3.7,https://media.eiga.com/images/movie/104669/photo/0a4daafe59a35a30/320.jpg,通常,2026-08-03,20:00
3018,K's cinema,104669,レンタル家族,7月31日公開,89分,G,3.7,https://media.eiga.com/images/movie/104669/photo/0a4daafe59a35a30/320.jpg,通常,2026-08-04,20:00
3018,K's cinema,104669,レンタル家族,7月31日公開,89分,G,3.7,https://media.eiga.com/images/movie/104669/photo/0a4daafe59a35a30/320.jpg,通常,2026-08-05,20:00
3018,K's cinema,104669,レンタル家族,7月31日公開,89分,G,3.7,https://media.eiga.com/images/movie/104669/photo/0a4daafe59a35a30/320.jpg,通常,2026-08-06,20:00
3018,K's cinema,104669,レンタル家族,7月31日公開,89分,G,3.7,https://media.eiga.com/images/movie/104669/photo/0a4daafe59a35a30/320.jpg,通常,2026-08-07,20:00
3018,K's cinema,106314,声をあげるということ　性犯罪　刑法改正の記録,8月1日公開,80分,G,5.0,https://media.eiga.com/images/movie/106314/photo/b27dbbdcadbfa500/320.jpg,通常,2026-08-03,10:00
3018,K's cinema,106314,声をあげるということ　性犯罪　刑法改正の記録,8月1日公開,80分,G,5.0,https://media.eiga.com/images/movie/106314/photo/b27dbbdcadbfa500/320.jpg,通常,2026-08-04,10:00
3018,K's cinema,106314,声をあげるということ　性犯罪　刑法改正の記録,8月1日公開,80分,G,5.0,https://media.eiga.com/images/movie/106314/photo/b27dbbdcadbfa500/320.jpg,通常,2026-08-05,10:00
3018,K's cinema,106314,声をあげるということ　性犯罪　刑法改正の記録,8月1日公開,80分,G,5.0,https://media.eiga.com/images/movie/106314/photo/b27dbbdcadbfa500/320.jpg,通常,2026-08-06,10:00
3018,K's cinema,106314,声をあげるということ　性犯罪　刑法改正の記録,8月1日公開,80分,G,5.0,https://media.eiga.com/images/movie/106314/photo/b27dbbdcadbfa500/320.jpg,通常,2026-08-07,10:00
3018,K's cinema,58474,青い戦慄,1956年7月26日公開,,,－,https://media.eiga.com/images/movie/58474/photo/abd34d9671cd09e6/320.jpg,字幕,2026-08-04,12:00
3018,K's cinema,58534,悪徳警官,1955年7月29日公開,,,－,https://media.eiga.com/images/movie/58534/photo/0aa15a237f218364/320.jpg,字幕,2026-08-07,12:00
3018,K's cinema,42753,エヴァの匂い,2018年2月17日公開,110分,,3.8,https://media.eiga.com/images/movie/42753/photo/e93ea85b497965c4/320.jpg,字幕,2026-08-05,16:10
3018,K's cinema,9149,キッスで殺せ！,104分,,,2.8,https://media.eiga.com/images/movie/9149/photo/2a0ec398b06e6ad0/320.jpg,字幕,2026-08-05,12:00
3018,K's cinema,9149,キッスで殺せ！,104分,,,2.8,https://media.eiga.com/images/movie/9149/photo/2a0ec398b06e6ad0/320.jpg,字幕,2026-08-07,16:00
3018,K's cinema,60302,拳銃の報酬（1959）,,,,－,https://media.eiga.com/images/movie/60302/photo/9f0c535523a8ea92/320.jpg,字幕,2026-08-03,12:00
3018,K's cinema,60589,湖中の女,1947年10月14日公開,,,－,https://media.eiga.com/images/movie/60589/photo/44dad2295d056f9e/320.jpg,字幕,2026-08-06,16:20
3018,K's cinema,52023,殺人者（1946）,1953年4月24日公開,,,3.6,https://media.eiga.com/images/movie/52023/photo/cc9a573ad686896f/320.jpg,字幕,2026-08-03,14:00
3018,K's cinema,52023,殺人者（1946）,1953年4月24日公開,,,3.6,https://media.eiga.com/images/movie/52023/photo/cc9a573ad686896f/320.jpg,字幕,2026-08-06,14:10
3018,K's cinema,45129,市街,,,,4.5,https://media.eiga.com/images/movie/45129/photo/03b5febf36baefe0/320.jpg,字幕,2026-08-04,14:00
3018,K's cinema,61384,地獄の埠頭,1956年6月30日公開,,,－,https://media.eiga.com/images/movie/61384/photo/34c9c5e31e97cc91/320.jpg,字幕,2026-08-07,14:00
3018,K's cinema,62952,破局（1950）,1951年9月4日公開,,,－,https://media.eiga.com/images/movie/62952/photo/79c99e575794f9d5/320.jpg,字幕,2026-08-04,15:50
3018,K's cinema,49089,ブロンドの殺人者,1988年5月8日公開,,,－,https://media.eiga.com/images/movie/49089/photo/06ecca5fa65cd34a/320.jpg,字幕,2026-08-05,14:10
3018,K's cinema,90037,ミルドレッド・ピアース,109分,,,3.5,https://media.eiga.com/images/movie/90037/photo/c56ed5507319987f/320.jpg,字幕,2026-08-03,16:10
3018,K's cinema,90037,ミルドレッド・ピアース,109分,,,3.5,https://media.eiga.com/images/movie/90037/photo/c56ed5507319987f/320.jpg,字幕,2026-08-06,12:00
3016,新宿バルト9,105109,映画ちいかわ　人魚の島のひみつ,7月24日公開,99分,G,3.8,https://media.eiga.com/images/movie/105109/photo/1070d756f3d9867f/320.jpg,通常,2026-08-03,"9:15,11:30,13:40,15:50,18:00,19:40,20:10,22:20,24:30"
3016,新宿バルト9,105109,映画ちいかわ　人魚の島のひみつ,7月24日公開,99分,G,3.8,https://media.eiga.com/images/movie/105109/photo/1070d756f3d9867f/320.jpg,通常,2026-08-04,"9:15,11:30,13:40,15:50,18:00,19:40,20:10,22:20,24:30"
3016,新宿バルト9,105109,映画ちいかわ　人魚の島のひみつ,7月24日公開,99分,G,3.8,https://media.eiga.com/images/movie/105109/photo/1070d756f3d9867f/320.jpg,通常,2026-08-05,"9:15,11:30,13:40,15:50,18:00,20:10,22:20,22:50,24:30"
3016,新宿バルト9,104266,キングダム　魂の決戦,7月17日公開,134分,G,3.9,https://media.eiga.com/images/movie/104266/photo/11f8ec888abed8ec/320.jpg,通常,2026-08-03,"8:30,11:20,16:25,19:15,22:50"
3016,新宿バルト9,104266,キングダム　魂の決戦,7月17日公開,134分,G,3.9,https://media.eiga.com/images/movie/104266/photo/11f8ec888abed8ec/320.jpg,通常,2026-08-04,"8:30,11:20,16:25,19:15,22:50"
3016,新宿バルト9,104266,キングダム　魂の決戦,7月17日公開,134分,G,3.9,https://media.eiga.com/images/movie/104266/photo/11f8ec888abed8ec/320.jpg,通常,2026-08-05,"8:30,11:20,16:25,25:00"
3016,新宿バルト9,104266,キングダム　魂の決戦,7月17日公開,134分,G,3.9,https://media.eiga.com/images/movie/104266/photo/11f8ec888abed8ec/320.jpg,Dolby Cinema,2026-08-03,14:10
3016,新宿バルト9,104266,キングダム　魂の決戦,7月17日公開,134分,G,3.9,https://media.eiga.com/images/movie/104266/photo/11f8ec888abed8ec/320.jpg,Dolby Cinema,2026-08-04,14:10
3016,新宿バルト9,104266,キングダム　魂の決戦,7月17日公開,134分,G,3.9,https://media.eiga.com/images/movie/104266/photo/11f8ec888abed8ec/320.jpg,Dolby Cinema,2026-08-05,15:40
3016,新宿バルト9,102846,スパイダーマン　ブランド・ニュー・デイ,7月31日公開,145分,G,4.1,https://media.eiga.com/images/movie/102846/photo/5f292083f8b31442/320.jpg,字幕,2026-08-03,"9:00,12:00,15:00,18:00,21:00,24:00,25:40"
3016,新宿バルト9,102846,スパイダーマン　ブランド・ニュー・デイ,7月31日公開,145分,G,4.1,https://media.eiga.com/images/movie/102846/photo/5f292083f8b31442/320.jpg,字幕,2026-08-04,"9:00,12:00,15:00,18:00,21:00,24:00,25:40"
3016,新宿バルト9,102846,スパイダーマン　ブランド・ニュー・デイ,7月31日公開,145分,G,4.1,https://media.eiga.com/images/movie/102846/photo/5f292083f8b31442/320.jpg,字幕,2026-08-05,"8:30,11:30,14:30,17:30,20:30,23:30,25:40"
3016,新宿バルト9,102846,スパイダーマン　ブランド・ニュー・デイ,7月31日公開,145分,G,4.1,https://media.eiga.com/images/movie/102846/photo/5f292083f8b31442/320.jpg,吹替,2026-08-03,"10:55,13:50,16:45,19:40,22:40,23:40"
3016,新宿バルト9,102846,スパイダーマン　ブランド・ニュー・デイ,7月31日公開,145分,G,4.1,https://media.eiga.com/images/movie/102846/photo/5f292083f8b31442/320.jpg,吹替,2026-08-04,"10:55,13:50,16:45,19:40,22:40,23:40"
3016,新宿バルト9,102846,スパイダーマン　ブランド・ニュー・デイ,7月31日公開,145分,G,4.1,https://media.eiga.com/images/movie/102846/photo/5f292083f8b31442/320.jpg,吹替,2026-08-05,"10:55,13:50,16:45,19:40,22:40"
3016,新宿バルト9,102846,スパイダーマン　ブランド・ニュー・デイ,7月31日公開,145分,G,4.1,https://media.eiga.com/images/movie/102846/photo/5f292083f8b31442/320.jpg,Dolby Cinema,2026-08-03,"8:30,17:05,20:10"
3016,新宿バルト9,102846,スパイダーマン　ブランド・ニュー・デイ,7月31日公開,145分,G,4.1,https://media.eiga.com/images/movie/102846/photo/5f292083f8b31442/320.jpg,Dolby Cinema,2026-08-04,"8:30,17:05,20:10"
3016,新宿バルト9,102846,スパイダーマン　ブランド・ニュー・デイ,7月31日公開,145分,G,4.1,https://media.eiga.com/images/movie/102846/photo/5f292083f8b31442/320.jpg,Dolby Cinema,2026-08-05,"10:00,18:35,21:40"
3016,新宿バルト9,102093,Michael マイケル,6月12日公開,127分,G,4.1,https://media.eiga.com/images/movie/102093/photo/fa35064a7248560b/320.jpg,字幕,2026-08-03,"11:25,20:10"
3016,新宿バルト9,102093,Michael マイケル,6月12日公開,127分,G,4.1,https://media.eiga.com/images/movie/102093/photo/fa35064a7248560b/320.jpg,字幕,2026-08-04,"11:25,20:10"
3016,新宿バルト9,102093,Michael マイケル,6月12日公開,127分,G,4.1,https://media.eiga.com/images/movie/102093/photo/fa35064a7248560b/320.jpg,字幕,2026-08-05,"11:25,20:10"
3016,新宿バルト9,102093,Michael マイケル,6月12日公開,127分,G,4.1,https://media.eiga.com/images/movie/102093/photo/fa35064a7248560b/320.jpg,Dolby Cinema,2026-08-03,23:15
3016,新宿バルト9,102093,Michael マイケル,6月12日公開,127分,G,4.1,https://media.eiga.com/images/movie/102093/photo/fa35064a7248560b/320.jpg,Dolby Cinema,2026-08-04,23:15
3016,新宿バルト9,102093,Michael マイケル,6月12日公開,127分,G,4.1,https://media.eiga.com/images/movie/102093/photo/fa35064a7248560b/320.jpg,Dolby Cinema,2026-08-05,24:45
3016,新宿バルト9,104002,トイ・ストーリー5,7月3日公開,102分,G,3.9,https://media.eiga.com/images/movie/104002/photo/b5330044c94ef8b1/320.jpg,吹替,2026-08-03,"8:30,10:45,13:00,15:15,17:30,21:50,26:10"
3016,新宿バルト9,104002,トイ・ストーリー5,7月3日公開,102分,G,3.9,https://media.eiga.com/images/movie/104002/photo/b5330044c94ef8b1/320.jpg,吹替,2026-08-04,"8:30,10:45,13:00,15:15,17:30,21:50,26:10"
3016,新宿バルト9,104002,トイ・ストーリー5,7月3日公開,102分,G,3.9,https://media.eiga.com/images/movie/104002/photo/b5330044c94ef8b1/320.jpg,吹替,2026-08-05,"9:00,11:25,13:40,15:55,17:30,22:45"
3016,新宿バルト9,104003,モアナと伝説の海,7月31日公開,115分,G,3.6,https://media.eiga.com/images/movie/104003/photo/e8892705b1998bcc/320.jpg,字幕,2026-08-03,"8:30,16:25,19:45,22:10,24:35"
3016,新宿バルト9,104003,モアナと伝説の海,7月31日公開,115分,G,3.6,https://media.eiga.com/images/movie/104003/photo/e8892705b1998bcc/320.jpg,字幕,2026-08-04,"8:30,16:25,19:45,22:10,24:35"
3016,新宿バルト9,104003,モアナと伝説の海,7月31日公開,115分,G,3.6,https://media.eiga.com/images/movie/104003/photo/e8892705b1998bcc/320.jpg,字幕,2026-08-05,"8:30,16:25,21:45,24:10"
3016,新宿バルト9,104003,モアナと伝説の海,7月31日公開,115分,G,3.6,https://media.eiga.com/images/movie/104003/photo/e8892705b1998bcc/320.jpg,吹替,2026-08-03,"9:05,14:00,18:50,21:15"
3016,新宿バルト9,104003,モアナと伝説の海,7月31日公開,115分,G,3.6,https://media.eiga.com/images/movie/104003/photo/e8892705b1998bcc/320.jpg,吹替,2026-08-04,"9:05,14:00,18:50,21:15"
3016,新宿バルト9,104003,モアナと伝説の海,7月31日公開,115分,G,3.6,https://media.eiga.com/images/movie/104003/photo/e8892705b1998bcc/320.jpg,吹替,2026-08-05,"9:05,14:00,19:45,22:10"
3016,新宿バルト9,104003,モアナと伝説の海,7月31日公開,115分,G,3.6,https://media.eiga.com/images/movie/104003/photo/e8892705b1998bcc/320.jpg,Dolby Cinema,2026-08-03,11:35
3016,新宿バルト9,104003,モアナと伝説の海,7月31日公開,115分,G,3.6,https://media.eiga.com/images/movie/104003/photo/e8892705b1998bcc/320.jpg,Dolby Cinema,2026-08-04,11:35
3016,新宿バルト9,104003,モアナと伝説の海,7月31日公開,115分,G,3.6,https://media.eiga.com/images/movie/104003/photo/e8892705b1998bcc/320.jpg,Dolby Cinema,2026-08-05,13:05
3016,新宿バルト9,105228,映画クレヨンしんちゃん　奇々怪々！オラの妖怪バケ～ション,7月31日公開,101分,G,3.9,https://media.eiga.com/images/movie/105228/photo/306c5c5a451c48b9/320.jpg,通常,2026-08-03,"11:00,13:10,15:20,17:30,22:05"
3016,新宿バルト9,105228,映画クレヨンしんちゃん　奇々怪々！オラの妖怪バケ～ション,7月31日公開,101分,G,3.9,https://media.eiga.com/images/movie/105228/photo/306c5c5a451c48b9/320.jpg,通常,2026-08-04,"11:00,13:10,15:20,17:30,22:05"
3016,新宿バルト9,105228,映画クレヨンしんちゃん　奇々怪々！オラの妖怪バケ～ション,7月31日公開,101分,G,3.9,https://media.eiga.com/images/movie/105228/photo/306c5c5a451c48b9/320.jpg,通常,2026-08-05,"11:30,13:40,15:50,18:00,21:20"
3016,新宿バルト9,101055,スター・ウォーズ　マンダロリアン・アンド・グローグー,5月22日公開,132分,G,3.8,https://media.eiga.com/images/movie/101055/photo/e99c09f1a8c54c57/320.jpg,字幕,2026-08-03,"9:00,25:45"
3016,新宿バルト9,101055,スター・ウォーズ　マンダロリアン・アンド・グローグー,5月22日公開,132分,G,3.8,https://media.eiga.com/images/movie/101055/photo/e99c09f1a8c54c57/320.jpg,字幕,2026-08-04,"9:00,25:45"
3016,新宿バルト9,101055,スター・ウォーズ　マンダロリアン・アンド・グローグー,5月22日公開,132分,G,3.8,https://media.eiga.com/images/movie/101055/photo/e99c09f1a8c54c57/320.jpg,字幕,2026-08-05,"8:45,24:35"
3016,新宿バルト9,105248,免許返納!?,6月19日公開,119分,PG12,3.7,https://media.eiga.com/images/movie/105248/photo/94358a8b7c9003b7/320.jpg,通常,2026-08-03,8:30
3016,新宿バルト9,105248,免許返納!?,6月19日公開,119分,PG12,3.7,https://media.eiga.com/images/movie/105248/photo/94358a8b7c9003b7/320.jpg,通常,2026-08-04,8:30
3016,新宿バルト9,105248,免許返納!?,6月19日公開,119分,PG12,3.7,https://media.eiga.com/images/movie/105248/photo/94358a8b7c9003b7/320.jpg,通常,2026-08-05,9:00
3016,新宿バルト9,105729,氷血,7月3日公開,98分,PG12,2.8,https://media.eiga.com/images/movie/105729/photo/9af56a7396663a91/320.jpg,通常,2026-08-03,24:05
3016,新宿バルト9,105729,氷血,7月3日公開,98分,PG12,2.8,https://media.eiga.com/images/movie/105729/photo/9af56a7396663a91/320.jpg,通常,2026-08-04,24:05
3016,新宿バルト9,105729,氷血,7月3日公開,98分,PG12,2.8,https://media.eiga.com/images/movie/105729/photo/9af56a7396663a91/320.jpg,通常,2026-08-05,25:00
3016,新宿バルト9,104619,ロングウォーク,6月26日公開,108分,R15+,3.5,https://media.eiga.com/images/movie/104619/photo/a93779f98446aba0/320.jpg,字幕,2026-08-03,"14:10,24:15"
3016,新宿バルト9,104619,ロングウォーク,6月26日公開,108分,R15+,3.5,https://media.eiga.com/images/movie/104619/photo/a93779f98446aba0/320.jpg,字幕,2026-08-04,"14:10,24:15"
3016,新宿バルト9,104619,ロングウォーク,6月26日公開,108分,R15+,3.5,https://media.eiga.com/images/movie/104619/photo/a93779f98446aba0/320.jpg,字幕,2026-08-05,"14:10,23:30"
3016,新宿バルト9,93008,BanG Dream! Episode of Roselia I：約束,2021年4月23日公開,77分,G,3.5,https://media.eiga.com/images/movie/93008/photo/5c9fff6363476e74/320.jpg,通常,2026-08-05,19:00
3016,新宿バルト9,93009,BanG Dream! Episode of Roselia II：Song I am.,2021年6月25日公開,70分,G,3.7,https://media.eiga.com/images/movie/93009/photo/f30b94cb6e9cdd1b/320.jpg,通常,2026-08-05,20:45
3318,109シネマズプレミアム新宿,105109,映画ちいかわ　人魚の島のひみつ,7月24日公開,99分,G,3.8,https://media.eiga.com/images/movie/105109/photo/1070d756f3d9867f/320.jpg,通常,2026-08-03,"9:50,12:05,14:20,16:35,18:50,21:05"
3318,109シネマズプレミアム新宿,105109,映画ちいかわ　人魚の島のひみつ,7月24日公開,99分,G,3.8,https://media.eiga.com/images/movie/105109/photo/1070d756f3d9867f/320.jpg,通常,2026-08-04,"9:50,12:05,14:20,16:35,18:50,21:05"
3318,109シネマズプレミアム新宿,105109,映画ちいかわ　人魚の島のひみつ,7月24日公開,99分,G,3.8,https://media.eiga.com/images/movie/105109/photo/1070d756f3d9867f/320.jpg,通常,2026-08-05,"9:50,12:05,14:20,16:35,18:50,21:50"
3318,109シネマズプレミアム新宿,104266,キングダム　魂の決戦,7月17日公開,134分,G,3.9,https://media.eiga.com/images/movie/104266/photo/11f8ec888abed8ec/320.jpg,通常,2026-08-03,"12:25,15:20,18:15,21:10"
3318,109シネマズプレミアム新宿,104266,キングダム　魂の決戦,7月17日公開,134分,G,3.9,https://media.eiga.com/images/movie/104266/photo/11f8ec888abed8ec/320.jpg,通常,2026-08-04,"12:25,15:20,18:15,21:10"
3318,109シネマズプレミアム新宿,104266,キングダム　魂の決戦,7月17日公開,134分,G,3.9,https://media.eiga.com/images/movie/104266/photo/11f8ec888abed8ec/320.jpg,通常,2026-08-05,"12:25,15:20,21:20"
3318,109シネマズプレミアム新宿,104266,キングダム　魂の決戦,7月17日公開,134分,G,3.9,https://media.eiga.com/images/movie/104266/photo/11f8ec888abed8ec/320.jpg,ScreenX,2026-08-03,9:25
3318,109シネマズプレミアム新宿,104266,キングダム　魂の決戦,7月17日公開,134分,G,3.9,https://media.eiga.com/images/movie/104266/photo/11f8ec888abed8ec/320.jpg,ScreenX,2026-08-04,9:25
3318,109シネマズプレミアム新宿,104266,キングダム　魂の決戦,7月17日公開,134分,G,3.9,https://media.eiga.com/images/movie/104266/photo/11f8ec888abed8ec/320.jpg,ScreenX,2026-08-05,9:35
3318,109シネマズプレミアム新宿,102846,スパイダーマン　ブランド・ニュー・デイ,7月31日公開,145分,G,4.1,https://media.eiga.com/images/movie/102846/photo/5f292083f8b31442/320.jpg,字幕,2026-08-03,"10:00,13:10,16:20"
3318,109シネマズプレミアム新宿,102846,スパイダーマン　ブランド・ニュー・デイ,7月31日公開,145分,G,4.1,https://media.eiga.com/images/movie/102846/photo/5f292083f8b31442/320.jpg,字幕,2026-08-04,"10:00,13:10,16:20"
3318,109シネマズプレミアム新宿,102846,スパイダーマン　ブランド・ニュー・デイ,7月31日公開,145分,G,4.1,https://media.eiga.com/images/movie/102846/photo/5f292083f8b31442/320.jpg,字幕,2026-08-05,"12:15,13:10,16:20"
3318,109シネマズプレミアム新宿,102846,スパイダーマン　ブランド・ニュー・デイ,7月31日公開,145分,G,4.1,https://media.eiga.com/images/movie/102846/photo/5f292083f8b31442/320.jpg,吹替,2026-08-03,"12:30,18:00"
3318,109シネマズプレミアム新宿,102846,スパイダーマン　ブランド・ニュー・デイ,7月31日公開,145分,G,4.1,https://media.eiga.com/images/movie/102846/photo/5f292083f8b31442/320.jpg,吹替,2026-08-04,"12:30,18:00"
3318,109シネマズプレミアム新宿,102846,スパイダーマン　ブランド・ニュー・デイ,7月31日公開,145分,G,4.1,https://media.eiga.com/images/movie/102846/photo/5f292083f8b31442/320.jpg,吹替,2026-08-05,"10:00,18:15"
3318,109シネマズプレミアム新宿,102846,スパイダーマン　ブランド・ニュー・デイ,7月31日公開,145分,G,4.1,https://media.eiga.com/images/movie/102846/photo/5f292083f8b31442/320.jpg,ScreenX,2026-08-03,"12:15,15:15,20:45"
3318,109シネマズプレミアム新宿,102846,スパイダーマン　ブランド・ニュー・デイ,7月31日公開,145分,G,4.1,https://media.eiga.com/images/movie/102846/photo/5f292083f8b31442/320.jpg,ScreenX,2026-08-04,"12:15,15:15,20:45"
3318,109シネマズプレミアム新宿,102846,スパイダーマン　ブランド・ニュー・デイ,7月31日公開,145分,G,4.1,https://media.eiga.com/images/movie/102846/photo/5f292083f8b31442/320.jpg,ScreenX,2026-08-05,"12:30,15:35,21:15"
3318,109シネマズプレミアム新宿,102846,スパイダーマン　ブランド・ニュー・デイ,7月31日公開,145分,G,4.1,https://media.eiga.com/images/movie/102846/photo/5f292083f8b31442/320.jpg,Dolby Atmos,2026-08-03,"9:45,18:15,21:15"
3318,109シネマズプレミアム新宿,102846,スパイダーマン　ブランド・ニュー・デイ,7月31日公開,145分,G,4.1,https://media.eiga.com/images/movie/102846/photo/5f292083f8b31442/320.jpg,Dolby Atmos,2026-08-04,"9:45,18:15,21:15"
3318,109シネマズプレミアム新宿,102846,スパイダーマン　ブランド・ニュー・デイ,7月31日公開,145分,G,4.1,https://media.eiga.com/images/movie/102846/photo/5f292083f8b31442/320.jpg,Dolby Atmos,2026-08-05,"9:45,18:00,21:00"
3318,109シネマズプレミアム新宿,102093,Michael マイケル,6月12日公開,127分,G,4.1,https://media.eiga.com/images/movie/102093/photo/fa35064a7248560b/320.jpg,字幕,2026-08-03,"9:45,21:00"
3318,109シネマズプレミアム新宿,102093,Michael マイケル,6月12日公開,127分,G,4.1,https://media.eiga.com/images/movie/102093/photo/fa35064a7248560b/320.jpg,字幕,2026-08-04,"9:45,21:00"
3318,109シネマズプレミアム新宿,102093,Michael マイケル,6月12日公開,127分,G,4.1,https://media.eiga.com/images/movie/102093/photo/fa35064a7248560b/320.jpg,字幕,2026-08-05,"9:30,21:05"
3318,109シネマズプレミアム新宿,102093,Michael マイケル,6月12日公開,127分,G,4.1,https://media.eiga.com/images/movie/102093/photo/fa35064a7248560b/320.jpg,Dolby Atmos,2026-08-03,12:50
3318,109シネマズプレミアム新宿,102093,Michael マイケル,6月12日公開,127分,G,4.1,https://media.eiga.com/images/movie/102093/photo/fa35064a7248560b/320.jpg,Dolby Atmos,2026-08-04,12:50
3318,109シネマズプレミアム新宿,102093,Michael マイケル,6月12日公開,127分,G,4.1,https://media.eiga.com/images/movie/102093/photo/fa35064a7248560b/320.jpg,Dolby Atmos,2026-08-05,12:45
3318,109シネマズプレミアム新宿,104002,トイ・ストーリー5,7月3日公開,102分,G,3.9,https://media.eiga.com/images/movie/104002/photo/b5330044c94ef8b1/320.jpg,吹替,2026-08-03,"9:40,14:30,16:50,19:10,21:50"
3318,109シネマズプレミアム新宿,104002,トイ・ストーリー5,7月3日公開,102分,G,3.9,https://media.eiga.com/images/movie/104002/photo/b5330044c94ef8b1/320.jpg,吹替,2026-08-04,"9:40,14:30,16:50,19:10,21:50"
3318,109シネマズプレミアム新宿,104002,トイ・ストーリー5,7月3日公開,102分,G,3.9,https://media.eiga.com/images/movie/104002/photo/b5330044c94ef8b1/320.jpg,吹替,2026-08-05,"9:40,14:30,16:50,19:10,21:50"
3318,109シネマズプレミアム新宿,104003,モアナと伝説の海,7月31日公開,115分,G,3.6,https://media.eiga.com/images/movie/104003/photo/e8892705b1998bcc/320.jpg,字幕,2026-08-03,12:00
3318,109シネマズプレミアム新宿,104003,モアナと伝説の海,7月31日公開,115分,G,3.6,https://media.eiga.com/images/movie/104003/photo/e8892705b1998bcc/320.jpg,字幕,2026-08-04,12:00
3318,109シネマズプレミアム新宿,104003,モアナと伝説の海,7月31日公開,115分,G,3.6,https://media.eiga.com/images/movie/104003/photo/e8892705b1998bcc/320.jpg,字幕,2026-08-05,12:00
3318,109シネマズプレミアム新宿,104003,モアナと伝説の海,7月31日公開,115分,G,3.6,https://media.eiga.com/images/movie/104003/photo/e8892705b1998bcc/320.jpg,吹替,2026-08-03,"9:50,15:30,21:30"
3318,109シネマズプレミアム新宿,104003,モアナと伝説の海,7月31日公開,115分,G,3.6,https://media.eiga.com/images/movie/104003/photo/e8892705b1998bcc/320.jpg,吹替,2026-08-04,"9:50,15:30,21:30"
3318,109シネマズプレミアム新宿,104003,モアナと伝説の海,7月31日公開,115分,G,3.6,https://media.eiga.com/images/movie/104003/photo/e8892705b1998bcc/320.jpg,吹替,2026-08-05,"9:50,15:15,21:30"
3318,109シネマズプレミアム新宿,104003,モアナと伝説の海,7月31日公開,115分,G,3.6,https://media.eiga.com/images/movie/104003/photo/e8892705b1998bcc/320.jpg,ScreenX,2026-08-03,18:15
3318,109シネマズプレミアム新宿,104003,モアナと伝説の海,7月31日公開,115分,G,3.6,https://media.eiga.com/images/movie/104003/photo/e8892705b1998bcc/320.jpg,ScreenX,2026-08-04,18:15
3318,109シネマズプレミアム新宿,104003,モアナと伝説の海,7月31日公開,115分,G,3.6,https://media.eiga.com/images/movie/104003/photo/e8892705b1998bcc/320.jpg,ScreenX,2026-08-05,18:40
3318,109シネマズプレミアム新宿,104003,モアナと伝説の海,7月31日公開,115分,G,3.6,https://media.eiga.com/images/movie/104003/photo/e8892705b1998bcc/320.jpg,Dolby Atmos,2026-08-03,15:45
3318,109シネマズプレミアム新宿,104003,モアナと伝説の海,7月31日公開,115分,G,3.6,https://media.eiga.com/images/movie/104003/photo/e8892705b1998bcc/320.jpg,Dolby Atmos,2026-08-04,15:45
3318,109シネマズプレミアム新宿,104003,モアナと伝説の海,7月31日公開,115分,G,3.6,https://media.eiga.com/images/movie/104003/photo/e8892705b1998bcc/320.jpg,Dolby Atmos,2026-08-05,15:30
3318,109シネマズプレミアム新宿,106213,オブセッション　災愛,7月17日公開,108分,R15+,3.8,https://media.eiga.com/images/movie/106213/photo/63d7f6b1bf6d4413/320.jpg,字幕,2026-08-03,19:25
3318,109シネマズプレミアム新宿,106213,オブセッション　災愛,7月17日公開,108分,R15+,3.8,https://media.eiga.com/images/movie/106213/photo/63d7f6b1bf6d4413/320.jpg,字幕,2026-08-04,19:25
3318,109シネマズプレミアム新宿,106213,オブセッション　災愛,7月17日公開,108分,R15+,3.8,https://media.eiga.com/images/movie/106213/photo/63d7f6b1bf6d4413/320.jpg,字幕,2026-08-05,19:25
